PASSPORTNO,FIRSTNAME,LASTNAME,GENDER,DATEOFBIRTH
93061657,Teodoro,Kinglake,Female,03/12/1985
83448119,Artair,Chaney,Male,09/01/2018
11472082,Rab,Pashe,Male,02/06/1990
16150627,Stephenie,Malecky,Female,04/20/2015
93214330,Elayne,Beeswing,Female,01/28/1987
98654084,Sandy,Pinfold,Male,07/18/2010
24628815,Glynn,Lawrey,Male,09/22/2003
102153406,	Liva,Curragh,	Female,07/16/1971
21040893,Lionello,Dyson,Male,03/28/1977
52103955,Valentine,Wayvill,Female,01/16/1986
74421337,Ozzie,Doore,Male,05/31/2019
21831261,Nickolas,Galia,Male,02/23/1980
20318800,	Kalinda,Prowse,Female,04/25/1994
11131501,Rene,Ziehms,Female,06/16/1970
64071743,Tiffi,Vivian,Female,01/21/2022
90595481,Ursola,Matysik,Female,10/04/1979
91228431,Rustin,Caselli,Male,06/09/1994
702470241,Kelly,Genese,Male,09/03/1994
533553351,Tadio,Shuker,Male,04/12/1990
646764671,Joannes,Keogh,Female,09/12/2015
701070101,Jazmin,Aartsen,Female,09/12/2018
416741671,Patrice,Berthot,Female,01/05/1966
891489141,Rod,Gethyn,Polygender,03/06/1961
243524351,Dodi,Keuning,Non-binary,10/02/2004
454445441,Jeno,Happer,Male,06/08/1997
907190711,Madelena,Toderbrugge,Female,05/11/1998
159408441,Jackie,Commander,Female,05/10/1977
265713847,Paulie,Coundley,Female,10/05/2010
853543773,Betty,Shercliff,Female,10/12/2011
808705814,Zelda,Struther,Polygender,07/03/2003
242772161,Mordecai,Spinetti,Male,07/09/1969
665302844,Lynnett,Noore,Female,09/04/2000
240275322,Dov,Dessent,Male,02/08/1963
762721707,Remus,Kuller,Male,11/03/1989
601639901,Prisca,Cleyne,Female,04/09/1972
520745241,Farrell,Kendle,Male,06/07/1988
686438011,Lefty,Edison,Male,11/02/1972
759178725,Corinna,Allston,Female,10/10/1990
269203577,Griffith,Fenelow,Male,05/01/1993
817551279,Olva,Gatiss,Female,04/04/2011
201579296,Helyn,Dain,Female,08/09/1978
119866868,Melly,Swindells,Female,07/04/2017
930442089,Aura,Purry,Genderqueer,11/08/2020
397768044,Briana,Clucas,Female,10/07/1984
829002407,Gwenora,Goodsal,Genderfluid,03/10/2012
369026178,Siward,Navarijo,Male,06/08/1963
982435741,Christine,Spatarul,Female,07/03/2000
555475024,Winonah,Dorton,Female,07/01/1995
763668010,Fanechka,Gresley,Female,09/03/1997
705933143,Rogerio,Steuart,Male,12/01/2011
689322481,Ermin,Worcester,Male,12/09/1992
545052615,Barnebas,Smullin,Male,07/10/2004
408477173,Aaron,Leeves,Male,06/09/2018
628463684,Thurstan,Inkpen,Male,09/05/2020
55256170,Lynette,Vanin,Female,12/11/2021
12413093,Humfrid,Bettington,Male,07/28/1996
68843949,	Arly,Brunel,Female,07/17/1992
53537467,Theresa,Gobolos,Female,11/11/1996
475645963,Taillie,Murrish,Male,11/01/2003
16998588,Alice,Brunton,Female,06/09/2007
26333411,Carita,Cowey,Female,06/17/2015
102062793,Borg,Sweetman,	Male,07/05/2020
54955507,Hewet,Sandars,Male,08/21/1990
47895348,Milana,Kulimzhayeva,Female,07/10/2004
15468016,Pip,Hesbrook,Female,10/26/2001
94909631,Jone,Chesterman,Male,04/08/2007
4832245,Donal,Hatliffe,Male,05/07/2007
89836495,Cad,Skittles,Male,12/01/2019
86932914,Octavia,Bankes,Female,04/08/1972
86578861,Wildon,Broady,Male,03/05/2015
486215792,Patrick,Piggott,Male,05/30/1966
198722392,Richart,Maddy,Male,10/08/1991
74150582,Amity,Kinglake,Female,10/02/1970
15271438,Andre,Brandrick,Male,01/20/1995
19986484,Corny,Pohls,Male,05/19/2014
39326245,Gwendolin,	Galea,Female,11/25/1998
22405053,	Ax,Borer,Male,09/21/1972
14785861,Andreas,Avard,Male,07/20/2013
35301698,Janessa,Castaignet,Female,04/20/2021
11900079,Kit,Lorkins,Female,12/06/1987
99999999,Andreas,Avard,Male,07/20/2013
25178692,Eldon,Folkes,Male,03/10/2014
598549210,Boot,Wilton,Male,09/24/2013
67471922,Antoine,Faldo,Male,07/10/1988
11896546,Jodie,Daniaud,Male,02/26/2008
104609544,Rosina,Murrie,Female,06/30/2017
59549210,Boot,Wilton,Male,09/24/2013
69600446,Delaney,Lochhead,Male,09/26/1980
90763515,	Tasha,Eberts,Female,12/21/1967
931228431,Rustin,Caselli,Male,06/09/1994
92075656,Oran,Faulconer,Male,01/30/2006
865728861,Wildon,Broady,Male,03/05/2015
33045564,Ulberto,Carlow,Male,04/21/1988
87936028,	Timmy,Airdrie,Male,12/08/1966
894476479,Nurda,Duisen,Male,01/12/2003
80933692,Kary,	McCuis,Female,08/26/2008
845791576,Anel,Asqarqyzy,Female,10/10/2003
85555863,Tobey,Chetwynd,Female,11/08/2004
19822392,Richart,Maddy,Male,10/08/1991
73842001,Mala,Holdall,Female,01/17/1967
